,,,,,,,,,,,,,,,,,,,,,,,,,,,,,,,,,,,,,,,,,,,,,,,,,,,,,,,,,,,,,,
Date ,Moisture ,Furnace Temp.,WGF Speed (rpm),M/c speed (m/min),Cooler Speed,BTP Temp.,WB 1 Press. (mbar),ESP Inlet Temp. ,ESP Inlet Press. (mbar),Product Temp,%MPS,%6.3MM(TI),Carbon Rate,Fines Generation,RDI,RI,,,,,,,,,,,,,,,,,,,,,,,,,,,,,,,,,,,,,,,,,,,,,,
1-May-25,5.92,1140.75,942.00,2.60,0.86,418.58,15.70,142.08,127.92,76.50,16.81,78.71,51.56,15.97,23.00,70.42,,,,,,,,,,,,,,,,,,,,,,,,,,,,,,,,,,,,,,,,,,,,,,
2-May-25,5.21,1135.75,921.08,2.49,0.85,409.92,15.66,150.25,128.17,70.42,16.77,78.85,48.93,16.35,23.20,71.36,,,,,,,,,,,,,,,,,,,,,,,,,,,,,,,,,,,,,,,,,,,,,,
3-May-25,5.32,1129.00,936.67,2.56,0.85,404.83,16.09,145.58,129.50,75.08,16.67,78.10,47.53,15.15,23.60,71.60,,,,,,,,,,,,,,,,,,,,,,,,,,,,,,,,,,,,,,,,,,,,,,
4-May-25,5.24,1129.33,948.58,2.60,0.87,402.75,16.14,147.17,134.33,74.17,16.75,79.35,48.47,14.70,23.00,71.28,,,,,,,,,,,,,,,,,,,,,,,,,,,,,,,,,,,,,,,,,,,,,,
5-May-25,5.41,1124.83,891.67,2.44,0.81,409.83,14.97,155.33,129.67,71.83,16.77,79.04,47.39,14.45,23.40,,,,,,,,,,,,,,,,,,,,,,,,,,,,,,,,,,,,,,,,,,,,,,,
6-May-25,5.89,1130.58,910.92,2.51,0.82,411.17,15.30,155.08,123.75,76.75,16.68,78.88,43.82,13.95,23.20,,,,,,,,,,,,,,,,,,,,,,,,,,,,,,,,,,,,,,,,,,,,,,,
7-May-25,5.52,1131.58,903.42,2.42,0.81,416.75,15.73,151.33,126.83,72.58,16.96,78.64,53.13,14.00,23.00,71.56,,,,,,,,,,,,,,,,,,,,,,,,,,,,,,,,,,,,,,,,,,,,,,
8-May-25,5.87,1126.33,910.64,2.41,0.81,418.17,15.46,152.00,125.33,72.75,16.91,78.87,45.09,15.20,23.00,70.87,,,,,,,,,,,,,,,,,,,,,,,,,,,,,,,,,,,,,,,,,,,,,,
9-May-25,5.27,1109.00,835.17,2.10,0.72,413.33,15.60,154.25,117.42,66.83,16.86,79.45,46.09,14.23,23.20,71.88,,,,,,,,,,,,,,,,,,,,,,,,,,,,,,,,,,,,,,,,,,,,,,
10-May-25,5.50,1113.08,929.75,2.42,0.80,391.17,16.50,152.83,130.08,76.00,16.79,78.47,44.98,13.71,23.00,71.92,,,,,,,,,,,,,,,,,,,,,,,,,,,,,,,,,,,,,,,,,,,,,,
11-May-25,5.15,1076.67,930.83,2.40,0.79,378.42,17.23,154.58,133.67,79.58,17.04,79.07,45.61,14.00,22.80,71.00,,,,,,,,,,,,,,,,,,,,,,,,,,,,,,,,,,,,,,,,,,,,,,
12-May-25,5.45,1134.92,908.58,2.43,0.80,420.58,15.88,156.75,122.92,76.83,16.77,80.11,45.89,14.10,23.20,72.03,,,,,,,,,,,,,,,,,,,,,,,,,,,,,,,,,,,,,,,,,,,,,,
13-May-25,5.35,1132.25,918.42,2.31,0.77,388.25,16.91,148.42,132.00,72.67,16.94,77.72,,,23.40,72.41,,,,,,,,,,,,,,,,,,,,,,,,,,,,,,,,,,,,,,,,,,,,,,
14-May-25,5.34,1136.00,931.50,2.35,0.78,384.75,17.01,152.33,134.58,71.33,16.88,79.04,47.70,14.10,23.20,71.51,,,,,,,,,,,,,,,,,,,,,,,,,,,,,,,,,,,,,,,,,,,,,,
15-May-25,5.62,1101.67,821.33,1.98,0.67,379.92,14.74,150.42,109.33,64.58,16.64,78.15,48.87,13.80,23.40,72.21,,,,,,,,,,,,,,,,,,,,,,,,,,,,,,,,,,,,,,,,,,,,,,
16-May-25,5.19,1143.25,892.17,2.23,0.74,399.25,16.40,154.08,126.25,64.08,16.86,79.78,49.44,11.30,23.60,72.70,,,,,,,,,,,,,,,,,,,,,,,,,,,,,,,,,,,,,,,,,,,,,,
17-May-25,5.13,1104.42,919.33,2.39,0.79,406.83,15.79,155.25,128.00,69.92,16.66,79.04,47.34,13.20,22.80,72.93,,,,,,,,,,,,,,,,,,,,,,,,,,,,,,,,,,,,,,,,,,,,,,
18-May-25,5.25,1110.83,878.08,2.23,0.74,405.67,15.64,154.17,121.58,65.25,16.76,78.48,48.86,12.84,23.80,,,,,,,,,,,,,,,,,,,,,,,,,,,,,,,,,,,,,,,,,,,,,,,
19-May-25,4.99,1108.00,903.83,2.30,0.77,415.50,15.76,155.33,125.42,67.08,16.79,79.14,49.53,13.14,23.80,,,,,,,,,,,,,,,,,,,,,,,,,,,,,,,,,,,,,,,,,,,,,,,
20-May-25,5.15,1124.17,844.50,2.16,0.74,428.50,14.13,156.58,111.42,63.17,16.89,79.77,50.07,13.55,23.40,69.58,,,,,,,,,,,,,,,,,,,,,,,,,,,,,,,,,,,,,,,,,,,,,,
21-May-25,5.15,1131.92,846.33,2.11,0.73,413.42,14.92,156.75,111.25,65.58,16.80,79.87,50.76,12.39,23.60,70.70,,,,,,,,,,,,,,,,,,,,,,,,,,,,,,,,,,,,,,,,,,,,,,
22-May-25,5.44,1109.42,880.67,2.33,0.79,434.17,15.03,154.75,120.42,67.42,16.82,78.45,46.68,12.74,23.00,69.82,,,,,,,,,,,,,,,,,,,,,,,,,,,,,,,,,,,,,,,,,,,,,,
23-May-25,5.06,1122.75,922.08,2.40,0.79,406.33,16.39,151.50,127.17,66.58,16.70,79.87,45.53,12.25,22.80,70.08,,,,,,,,,,,,,,,,,,,,,,,,,,,,,,,,,,,,,,,,,,,,,,
24-May-25,5.24,1121.08,878.08,2.23,0.76,417.17,14.93,156.50,118.08,61.33,16.72,81.11,45.87,12.75,21.70,67.37,,,,,,,,,,,,,,,,,,,,,,,,,,,,,,,,,,,,,,,,,,,,,,
25-May-25,4.72,1116.08,886.75,2.27,0.76,418.92,15.70,156.00,121.25,68.42,16.85,79.90,53.67,12.40,21.60,72.51,,,,,,,,,,,,,,,,,,,,,,,,,,,,,,,,,,,,,,,,,,,,,,
26-May-25,4.95,1121.92,839.83,2.14,0.74,421.67,14.45,154.08,110.83,67.33,16.74,79.59,50.63,12.85,23.90,68.79,,,,,,,,,,,,,,,,,,,,,,,,,,,,,,,,,,,,,,,,,,,,,,
27-May-25,4.99,1114.00,877.33,2.29,0.77,409.50,15.33,152.33,122.83,76.42,16.83,79.25,49.24,12.85,23.80,70.46,,,,,,,,,,,,,,,,,,,,,,,,,,,,,,,,,,,,,,,,,,,,,,
28-May-25,5.03,1096.25,891.58,2.31,0.79,407.67,15.90,150.75,123.92,75.08,16.87,81.28,51.15,14.30,20.80,71.56,,,,,,,,,,,,,,,,,,,,,,,,,,,,,,,,,,,,,,,,,,,,,,
29-May-25,5.06,1114.42,911.58,2.36,0.79,398.00,15.93,149.33,128.67,78.17,17.04,79.51,48.48,12.10,,,,,,,,,,,,,,,,,,,,,,,,,,,,,,,,,,,,,,,,,,,,,,,,
30-May-25,4.48,1108.25,727.38,1.77,0.69,374.50,12.98,142.25,95.50,63.00,16.74,78.96,49.16,12.20,24.00,70.72,,,,,,,,,,,,,,,,,,,,,,,,,,,,,,,,,,,,,,,,,,,,,,
31-May-25,4.88,1138.09,830.64,2.09,0.70,379.82,14.03,146.55,131.55,76.36,16.69,77.69,,,23.20,69.50,,,,,,,,,,,,,,,,,,,,,,,,,,,,,,,,,,,,,,,,,,,,,,
1-Jun-25,4.69,1159.67,916.44,2.37,0.78,355.00,16.09,134.44,142.44,90.44,16.69,77.82,,13.20,22.80,71.21,,,,,,,,,,,,,,,,,,,,,,,,,,,,,,,,,,,,,,,,,,,,,,
2-Jun-25,5.01,1133.17,920.75,2.31,0.78,371.42,15.14,147.00,131.42,85.33,16.85,78.76,49.99,13.90,24.25,72.10,,,,,,,,,,,,,,,,,,,,,,,,,,,,,,,,,,,,,,,,,,,,,,
3-Jun-25,5.22,1130.42,932.92,2.44,0.81,403.17,15.38,151.17,130.75,78.00,16.68,77.82,51.50,12.30,23.00,73.34,,,,,,,,,,,,,,,,,,,,,,,,,,,,,,,,,,,,,,,,,,,,,,
4-Jun-25,4.92,1122.83,881.83,2.26,0.80,380.67,15.20,145.25,136.92,88.33,16.84,78.28,51.95,13.71,23.40,71.41,,,,,,,,,,,,,,,,,,,,,,,,,,,,,,,,,,,,,,,,,,,,,,
5-Jun-25,4.91,1158.33,929.33,2.53,0.84,423.00,14.72,150.67,128.67,85.00,16.94,78.22,51.57,15.30,,72.69,,,,,,,,,,,,,,,,,,,,,,,,,,,,,,,,,,,,,,,,,,,,,,
6-Jun-25,4.33,1107.56,644.33,1.59,0.64,302.22,10.08,113.56,91.64,61.89,17.16,77.36,54.95,14.30,23.80,,,,,,,,,,,,,,,,,,,,,,,,,,,,,,,,,,,,,,,,,,,,,,,
7-Jun-25,5.40,1136.33,886.08,2.30,0.77,437.25,14.22,150.75,121.33,67.00,16.65,78.11,54.19,11.20,23.60,70.47,,,,,,,,,,,,,,,,,,,,,,,,,,,,,,,,,,,,,,,,,,,,,,
8-Jun-25,5.04,1131.42,911.58,2.30,0.77,421.75,14.92,153.50,125.42,77.58,16.86,79.07,50.75,12.12,22.80,72.16,,,,,,,,,,,,,,,,,,,,,,,,,,,,,,,,,,,,,,,,,,,,,,
9-Jun-25,4.96,1128.50,837.83,2.16,0.77,411.00,13.60,154.17,109.42,74.58,16.89,78.59,46.92,13.26,23.60,70.34,,,,,,,,,,,,,,,,,,,,,,,,,,,,,,,,,,,,,,,,,,,,,,
10-Jun-25,5.07,1131.33,859.50,2.27,0.76,422.75,14.76,155.83,112.17,68.50,16.90,79.58,47.68,12.70,22.80,71.40,,,,,,,,,,,,,,,,,,,,,,,,,,,,,,,,,,,,,,,,,,,,,,
11-Jun-25,5.06,1126.17,897.00,2.31,0.77,416.58,15.07,150.92,126.17,77.33,16.79,78.94,44.94,13.30,23.20,73.56,,,,,,,,,,,,,,,,,,,,,,,,,,,,,,,,,,,,,,,,,,,,,,
12-Jun-25,5.23,1128.67,869.58,2.27,0.78,422.00,15.23,152.42,116.92,68.42,16.80,78.68,44.38,12.50,24.10,72.16,,,,,,,,,,,,,,,,,,,,,,,,,,,,,,,,,,,,,,,,,,,,,,
13-Jun-25,5.65,1127.25,906.25,2.34,0.81,414.83,15.81,152.50,129.00,75.08,16.99,78.31,45.73,13.28,24.80,73.23,,,,,,,,,,,,,,,,,,,,,,,,,,,,,,,,,,,,,,,,,,,,,,
14-Jun-25,5.16,1129.25,889.17,2.33,0.80,423.67,15.16,155.17,120.08,77.00,16.56,78.32,46.01,12.37,23.80,72.88,,,,,,,,,,,,,,,,,,,,,,,,,,,,,,,,,,,,,,,,,,,,,Water flow nmd,
15-Jun-25,5.05,1133.00,867.58,2.21,0.74,413.75,14.23,153.25,116.58,66.75,16.77,78.29,31.78,12.88,23.60,73.20,,,,,,,,,,,,,,,,,,,,,,,,,,,,,,,,,,,,,,,,,,,,,"softening unit wgf motor, nmd gear box cool, chiller ",
16-Jun-25,5.07,1128.83,808.75,1.78,0.62,384.17,13.74,150.58,105.58,60.83,16.74,78.25,46.79,12.55,25.60,69.18,,,,,,,,,,,,,,,,,,,,,,,,,,,,,,,,,,,,,,,,,,,,,,
17-Jun-25,4.99,1131.58,769.67,1.72,0.60,361.25,12.91,141.75,101.33,64.42,16.93,77.26,47.40,11.06,24.00,70.26,,,,,,,,,,,,,,,,,,,,,,,,,,,,,,,,,,,,,,,,,,,,,hot gas from cooler  1)furnace, (hot air+ bf gas)
18-Jun-25,5.77,1142.00,925.75,2.33,0.77,415.33,15.73,155.50,123.83,72.75,17.10,78.00,45.22,11.75,20.80,72.83,,,,,,,,,,,,,,,,,,,,,,,,,,,,,,,,,,,,,,,,,,,,,2) annealing hood,(only hot air)
19-Jun-25,5.39,1138.92,899.00,2.14,0.77,397.25,15.34,151.17,132.92,84.50,16.76,80.12,49.25,12.58,23.40,73.00,,,,,,,,,,,,,,,,,,,,,,,,,,,,,,,,,,,,,,,,,,,,,"3) pipeline to stock house gor drying coke, pellet",
20-Jun-25,5.30,1138.08,932.00,2.23,0.74,382.50,15.94,153.08,134.17,69.75,16.81,79.45,48.18,12.32,22.80,70.17,,,,,,,,,,,,,,,,,,,,,,,,,,,,,,,,,,,,,,,,,,,,,,
21-Jun-25,5.16,1128.00,948.92,2.35,0.80,399.58,16.95,149.00,140.08,77.17,16.78,78.75,45.56,11.80,24.80,73.67,,,,,,,,,,,,,,,,,,,,,,,,,,,,,,,,,,,,,,,,,,,,,470  high feed rate  machune speed high," not enough time for sinter to cool, sometimes coke remains unburnt  so in cooler oppostite sintering takes place so temperature of Sinter prod of the cooler discharge becomes high"
22-Jun-25,5.17,1142.08,952.00,2.35,0.80,380.67,17.42,144.33,144.33,88.33,16.82,78.10,43.99,11.80,22.00,69.87,,,,,,,,,,,,,,,,,,,,,,,,,,,,,,,,,,,,,,,,,,,,,,
23-Jun-25,5.39,1150.67,933.08,2.25,0.75,396.33,15.98,153.83,130.58,74.50,16.50,77.10,48.54,12.94,23.20,72.66,,,,,,,,,,,,,,,,,,,,,,,,,,,,,,,,,,,,,,,,,,,,,"if feed less then had to slow mc speed as had to maintain surge bin level, if feed rate more can speed up mc. If wb 1 pressure less permeability more, if pressure more then due to loading or moisutre, more microfines. If very less  high permeability, bed empty. if btp occur earlier esp inlet temp shoots interlock to wgf rpm. As we go vertically downwards sinter layer form at top permeability less so wb suction more",
24-Jun-25,5.04,1134.25,870.25,2.20,0.74,398.83,14.83,150.25,124.83,69.17,16.91,78.32,51.56,12.75,23.80,73.47,,,,,,,,,,,,,,,,,,,,,,,,,,,,,,,,,,,,,,,,,,,,,,
25-Jun-25,5.17,1115.83,880.92,2.21,0.77,419.17,15.03,153.58,120.83,72.17,16.99,78.36,49.66,12.65,22.60,74.36,,,,,,,,,,,,,,,,,,,,,,,,,,,,,,,,,,,,,,,,,,,,,,
26-Jun-25,5.54,1141.88,909.88,2.27,0.75,406.13,15.92,151.88,128.88,69.50,16.97,78.82,51.03,12.80,23.00,72.39,,,,,,,,,,,,,,,,,,,,,,,,,,,,,,,,,,,,,,,,,,,,,,
27-Jun-25,5.76,1151.67,903.92,2.36,0.77,411.33,15.51,150.92,125.67,71.83,16.83,78.65,46.75,12.60,24.20,69.80,,,,,,,,,,,,,,,,,,,,,,,,,,,,,,,,,,,,,,,,,,,,,,
28-Jun-25,5.12,1137.00,882.83,2.31,0.78,437.83,15.00,156.92,117.83,68.08,16.96,79.32,46.87,12.77,23.40,73.32,,,,,,,,,,,,,,,,,,,,,,,,,,,,,,,,,,,,,,,,,,,,,,
29-Jun-25,5.27,1155.17,912.25,2.40,0.81,424.67,15.18,152.83,125.33,73.67,16.79,78.97,47.14,12.73,23.80,68.45,,,,,,,,,,,,,,,,,,,,,,,,,,,,,,,,,,,,,,,,,,,,,,
30-Jun-25,5.20,1154.75,945.83,2.48,0.82,418.25,16.34,151.50,133.00,80.58,16.81,78.17,48.27,13.00,23.20,72.42,,,,,,,,,,,,,,,,,,,,,,,,,,,,,,,,,,,,,,,,,,,,,,
1-Jul-25,4.95,1158.25,935.63,2.49,0.82,432.50,15.92,152.50,130.13,78.25,16.74,79.90,49.42,12.70,23.60,73.08,,,,,,,,,,,,,,,,,,,,,,,,,,,,,,,,,,,,,,,,,,,,,,
2-Jul-25,5.34,1149.42,932.25,2.47,0.81,415.08,15.89,152.25,130.00,83.83,16.36,78.25,50.78,12.55,22.80,73.62,,,,,,,,,,,,,,,,,,,,,,,,,,,,,,,,,,,,,,,,,,,,,,
3-Jul-25,4.88,1111.18,900.45,2.42,0.79,402.09,16.26,145.27,129.55,80.18,16.86,79.34,47.91,18.25,23.40,72.75,,,,,,,,,,,,,,,,,,,,,,,,,,,,,,,,,,,,,,,,,,,,,,
4-Jul-25,4.72,1154.75,919.50,2.44,0.81,427.92,14.87,148.42,116.58,81.67,16.91,79.10,49.29,12.90,22.40,73.87,,,,,,,,,,,,,,,,,,,,,,,,,,,,,,,,,,,,,,,,,,,,,,
5-Jul-25,5.10,1153.08,880.08,2.34,0.79,401.33,13.03,129.67,102.33,76.33,16.74,77.10,46.96,12.95,23.20,74.07,,,,,,,,,,,,,,,,,,,,,,,,,,,,,,,,,,,,,,,,,,,,,,
6-Jul-25,5.08,1140.25,776.33,1.91,0.65,391.92,11.18,129.00,83.67,55.33,16.68,80.36,50.35,12.65,23.60,72.22,,,,,,,,,,,,,,,,,,,,,,,,,,,,,,,,,,,,,,,,,,,,,,
7-Jul-25,5.13,1138.83,912.83,2.48,0.82,418.92,13.47,132.25,102.17,75.08,17.02,80.32,47.97,13.00,23.60,71.88,,,,,,,,,,,,,,,,,,,,,,,,,,,,,,,,,,,,,,,,,,,,,,
8-Jul-25,5.16,1141.75,867.83,2.30,0.77,400.42,12.95,126.67,97.83,71.08,16.87,79.47,45.07,12.70,22.40,72.27,,,,,,,,,,,,,,,,,,,,,,,,,,,,,,,,,,,,,,,,,,,,,,
9-Jul-25,5.37,1151.67,920.75,2.46,0.81,424.67,13.17,127.08,103.25,75.83,16.92,79.16,48.38,12.60,24.80,73.96,,,,,,,,,,,,,,,,,,,,,,,,,,,,,,,,,,,,,,,,,,,,,,
10-Jul-25,5.10,1149.00,915.58,2.48,0.82,408.08,13.81,113.25,106.92,79.83,16.78,78.75,46.52,13.80,24.00,69.07,,,,,,,,,,,,,,,,,,,,,,,,,,,,,,,,,,,,,,,,,,,,,,
11-Jul-25,5.08,1138.92,920.75,2.49,0.83,420.67,13.39,120.25,105.08,90.33,16.85,79.33,46.09,12.93,21.60,72.19,,,,,,,,,,,,,,,,,,,,,,,,,,,,,,,,,,,,,,,,,,,,,,
12-Jul-25,5.47,1143.25,840.92,2.11,0.73,363.08,12.78,125.33,94.17,68.25,16.71,78.74,46.94,13.30,23.80,71.00,,,,,,,,,,,,,,,,,,,,,,,,,,,,,,,,,,,,,,,,,,,,,,
13-Jul-25,5.25,1147.08,909.33,2.59,0.86,398.25,13.55,117.08,105.58,91.25,16.46,79.52,46.65,13.20,24.80,72.16,,,,,,,,,,,,,,,,,,,,,,,,,,,,,,,,,,,,,,,,,,,,,,
14-Jul-25,5.75,1140.42,914.42,2.57,0.85,415.08,13.53,122.58,106.33,85.92,16.32,80.21,45.04,13.30,24.80,72.52,,,,,,,,,,,,,,,,,,,,,,,,,,,,,,,,,,,,,,,,,,,,,,
15-Jul-25,5.64,1142.50,921.58,2.53,0.84,392.25,14.63,131.75,111.50,89.33,16.27,80.06,45.47,13.33,24.40,73.17,,,,,,,,,,,,,,,,,,,,,,,,,,,,,,,,,,,,,,,,,,,,,,
16-Jul-25,5.69,1137.00,911.67,2.60,0.85,388.17,14.41,120.67,105.25,86.42,16.20,79.73,44.14,12.89,24.80,77.34,,,,,,,,,,,,,,,,,,,,,,,,,,,,,,,,,,,,,,,,,,,,,,
17-Jul-25,5.48,1139.92,916.33,2.47,0.81,390.25,14.93,117.83,107.50,87.42,16.08,79.12,42.84,13.36,25.20,74.23,,,,,,,,,,,,,,,,,,,,,,,,,,,,,,,,,,,,,,,,,,,,,,
18-Jul-25,5.33,1136.17,914.33,2.57,0.86,395.17,14.85,124.50,108.50,79.00,16.14,80.20,42.69,13.70,25.40,75.34,,,,,,,,,,,,,,,,,,,,,,,,,,,,,,,,,,,,,,,,,,,,,,
19-Jul-25,5.57,1136.91,896.18,2.48,0.82,412.73,14.64,143.00,113.27,75.82,16.42,80.51,,,24.10,73.37,,,,,,,,,,,,,,,,,,,,,,,,,,,,,,,,,,,,,,,,,,,,,,
20-Jul-25,5.40,1126.33,883.92,2.37,0.79,443.25,14.81,155.58,116.67,69.08,16.99,79.34,46.27,14.88,23.50,72.17,,,,,,,,,,,,,,,,,,,,,,,,,,,,,,,,,,,,,,,,,,,,,,
21-Jul-25,5.29,1139.92,782.83,2.04,0.68,431.08,12.95,151.75,95.50,58.08,16.66,80.22,49.64,14.92,23.20,71.25,,,,,,,,,,,,,,,,,,,,,,,,,,,,,,,,,,,,,,,,,,,,,,
22-Jul-25,5.03,1135.25,827.83,2.19,0.72,421.00,14.81,151.75,108.67,64.00,17.01,81.36,49.75,11.55,23.60,72.28,,,,,,,,,,,,,,,,,,,,,,,,,,,,,,,,,,,,,,,,,,,,,,
23-Jul-25,5.14,1144.25,907.83,2.32,0.76,413.17,16.18,153.08,125.75,77.17,16.77,79.22,48.95,11.55,24.25,71.73,,,,,,,,,,,,,,,,,,,,,,,,,,,,,,,,,,,,,,,,,,,,,,
24-Jul-25,5.16,1146.33,839.67,2.21,0.73,427.00,14.84,150.33,114.33,82.00,17.00,79.80,51.15,12.30,23.90,72.60,,,,,,,,,,,,,,,,,,,,,,,,,,,,,,,,,,,,,,,,,,,,,,
25-Jul-25,4.79,1125.83,874.50,2.12,0.74,411.33,14.97,146.67,126.33,71.83,16.65,80.14,,,23.40,,,,,,,,,,,,,,,,,,,,,,,,,,,,,,,,,,,,,,,,,,,,,,,
26-Jul-25,5.28,1133.50,886.50,2.37,0.80,436.75,13.43,154.33,129.75,74.50,16.98,80.34,47.66,12.05,23.90,71.17,,,,,,,,,,,,,,,,,,,,,,,,,,,,,,,,,,,,,,,,,,,,,,
27-Jul-25,5.60,1144.83,897.50,2.33,0.81,427.75,14.36,151.17,123.67,76.83,16.79,80.94,42.84,12.40,,,,,,,,,,,,,,,,,,,,,,,,,,,,,,,,,,,,,,,,,,,,,,,,
28-Jul-25,5.65,1136.42,941.67,2.46,0.81,424.67,15.17,153.92,129.75,72.17,16.70,79.22,43.04,12.50,,,,,,,,,,,,,,,,,,,,,,,,,,,,,,,,,,,,,,,,,,,,,,,,
29-Jul-25,5.58,1154.33,909.08,2.27,0.78,423.08,13.78,147.67,108.00,61.42,16.84,81.10,44.92,1444.75,24.80,70.56,,,,,,,,,,,,,,,,,,,,,,,,,,,,,,,,,,,,,,,,,,,,,,
30-Jul-25,6.02,1151.75,900.92,2.20,0.73,410.83,14.60,153.33,125.08,65.17,16.64,,,,25.20,71.41,,,,,,,,,,,,,,,,,,,,,,,,,,,,,,,,,,,,,,,,,,,,,,
31-Jul-25,5.58,1152.75,904.17,2.28,0.77,402.00,15.57,136.33,128.08,75.83,16.65,79.72,44.56,12.40,,,,,,,,,,,,,,,,,,,,,,,,,,,,,,,,,,,,,,,,,,,,,,,,
1-Aug-25,5.12,1149.75,912.42,2.34,0.78,392.25,14.71,139.83,120.17,81.17,16.83,81.16,,48.82,25.25,71.10,,,,,,,,,,,,,,,,,,,,,,,,,,,,,,,,,,,,,,,,,,,,,,
2-Aug-25,5.97,1161.92,950.08,2.48,0.82,434.42,15.30,153.58,132.67,84.58,16.96,80.10,,,24.00,70.17,,,,,,,,,,,,,,,,,,,,,,,,,,,,,,,,,,,,,,,,,,,,,,
3-Aug-25,5.70,1151.42,874.08,2.13,0.75,376.75,15.60,142.50,138.08,80.83,16.75,81.34,,4.88,24.20,72.06,,,,,,,,,,,,,,,,,,,,,,,,,,,,,,,,,,,,,,,,,,,,,,
4-Aug-25,5.55,1153.00,949.17,2.46,0.80,366.75,16.00,140.42,139.58,92.33,16.79,80.45,72.06,49.27,23.60,72.89,,,,,,,,,,,,,,,,,,,,,,,,,,,,,,,,,,,,,,,,,,,,,,
5-Aug-25,6.39,1145.42,941.67,2.51,0.84,367.08,16.93,137.83,136.17,85.42,16.55,81.02,,48.86,24.15,73.81,,,,,,,,,,,,,,,,,,,,,,,,,,,,,,,,,,,,,,,,,,,,,,
6-Aug-25,6.13,1138.00,941.50,2.56,0.84,434.42,16.47,151.75,128.92,83.17,17.15,81.32,,52.50,24.10,72.89,,,,,,,,,,,,,,,,,,,,,,,,,,,,,,,,,,,,,,,,,,,,,,
7-Aug-25,6.54,1139.50,933.92,2.52,0.84,429.58,15.57,143.58,131.42,97.83,16.68,80.92,,55.17,23.80,70.36,,,,,,,,,,,,,,,,,,,,,,,,,,,,,,,,,,,,,,,,,,,,,,
8-Aug-25,6.04,1158.00,902.17,2.39,0.79,441.67,15.38,155.00,119.08,73.83,17.02,81.36,,52.65,23.60,72.98,,,,,,,,,,,,,,,,,,,,,,,,,,,,,,,,,,,,,,,,,,,,,,
9-Aug-25,5.63,1139.17,911.67,2.22,0.74,420.58,16.78,153.17,130.75,76.83,17.01,81.42,,50.94,24.35,70.52,,,,,,,,,,,,,,,,,,,,,,,,,,,,,,,,,,,,,,,,,,,,,,
10-Aug-25,6.17,1131.58,943.33,2.52,0.84,411.17,17.18,146.00,135.33,91.67,16.94,80.54,,52.49,23.80,74.03,,,,,,,,,,,,,,,,,,,,,,,,,,,,,,,,,,,,,,,,,,,,,,
11-Aug-25,6.22,1131.50,948.00,2.58,0.86,426.92,17.26,144.67,137.08,92.42,16.67,80.14,,51.30,23.50,75.79,,,,,,,,,,,,,,,,,,,,,,,,,,,,,,,,,,,,,,,,,,,,,,
12-Aug-25,6.14,1151.25,955.25,2.60,0.85,425.42,18.19,141.33,139.50,93.92,16.61,81.67,,53.37,23.80,74.18,,,,,,,,,,,,,,,,,,,,,,,,,,,,,,,,,,,,,,,,,,,,,,
13-Aug-25,6.15,1134.30,945.60,2.57,0.84,437.00,15.92,147.20,133.70,101.00,16.53,80.32,,52.41,23.70,73.65,,,,,,,,,,,,,,,,,,,,,,,,,,,,,,,,,,,,,,,,,,,,,,
14-Aug-25,6.12,1154.25,934.42,2.48,0.82,422.50,14.33,143.70,132.60,85.70,16.59,81.07,,,23.60,74.15,,,,,,,,,,,,,,,,,,,,,,,,,,,,,,,,,,,,,,,,,,,,,,
15-Aug-25,5.49,1152.91,929.27,2.37,0.79,430.27,15.19,147.91,131.73,86.45,16.69,80.77,74.15,,23.20,73.12,,,,,,,,,,,,,,,,,,,,,,,,,,,,,,,,,,,,,,,,,,,,,,
16-Aug-25,5.75,1157.13,922.50,2.44,0.80,422.38,15.55,150.50,126.00,87.88,16.71,81.14,,54.55,23.80,72.26,,,,,,,,,,,,,,,,,,,,,,,,,,,,,,,,,,,,,,,,,,,,,,
17-Aug-25,6.29,1156.00,950.88,2.54,1.79,432.38,14.80,152.38,130.75,90.88,16.84,81.63,,53.11,23.00,73.38,,,,,,,,,,,,,,,,,,,,,,,,,,,,,,,,,,,,,,,,,,,,,,
18-Aug-25,6.26,1152.13,950.88,2.53,0.85,441.63,15.10,155.63,124.50,84.88,16.63,80.94,73.38,54.93,22.80,73.82,,,,,,,,,,,,,,,,,,,,,,,,,,,,,,,,,,,,,,,,,,,,,,
19-Aug-25,5.65,1162.33,949.78,2.48,0.81,445.60,14.77,148.60,133.00,89.80,16.51,80.67,,,23.60,71.58,,,,,,,,,,,,,,,,,,,,,,,,,,,,,,,,,,,,,,,,,,,,,,
20-Aug-25,5.96,1161.50,893.25,2.34,0.78,431.00,13.93,149.63,121.75,85.75,16.58,81.33,54.91,13.20,23.80,73.22,,,,,,,,,,,,,,,,,,,,,,,,,,,,,,,,,,,,,,,,,,,,,,
21-Aug-25,6.04,1963.42,909.08,2.43,0.81,446.67,14.00,152.75,123.00,82.17,16.71,81.48,54.06,12.90,23.20,71.12,,,,,,,,,,,,,,,,,,,,,,,,,,,,,,,,,,,,,,,,,,,,,,
22-Aug-25,6.34,1137.50,876.67,2.21,0.73,434.83,13.00,153.00,115.58,73.00,16.38,80.94,53.79,13.50,23.60,73.81,,,,,,,,,,,,,,,,,,,,,,,,,,,,,,,,,,,,,,,,,,,,,,
23-Aug-25,4.91,1134.75,865.00,2.06,0.69,440.00,13.47,154.83,114.67,57.17,16.70,81.82,47.14,13.40,24.00,72.06,,,,,,,,,,,,,,,,,,,,,,,,,,,,,,,,,,,,,,,,,,,,,,
24-Aug-25,5.10,1130.91,787.18,1.82,0.61,418.82,12.00,152.27,98.36,50.91,16.70,81.34,47.19,14.00,24.20,70.51,,,,,,,,,,,,,,,,,,,,,,,,,,,,,,,,,,,,,,,,,,,,,,
30-Aug-25,5.24,1139.29,842.71,1.89,0.65,413.86,8.25,138.71,74.86,52.29,16.83,80.93,50.36,14.40,23.20,74.12,,,,,,,,,,,,,,,,,,,,,,,,,,,,,,,,,,,,,,,,,,,,,,
31-Aug-25,5.37,1089.00,845.40,1.97,0.70,417.80,8.05,134.80,75.60,83.00,16.68,81.10,50.57,,,,,,,,,,,,,,,,,,,,,,,,,,,,,,,,,,,,,,,,,,,,,,,,,
1-Sep-25,5.50,1138.00,845.92,1.95,0.71,400.00,8.53,131.92,78.08,73.33,16.75,80.88,46.88,13.17,23.80,72.27,,,,,,,,,,,,,,,,,,,,,,,,,,,,,,,,,,,,,,,,,,,,,,
2-Sep-25,5.62,1138.08,846.33,1.95,0.68,393.50,8.41,133.92,77.08,71.33,16.74,81.06,45.97,13.27,23.40,71.84,,,,,,,,,,,,,,,,,,,,,,,,,,,,,,,,,,,,,,,,,,,,,,
3-Sep-25,5.79,1145.91,847.73,1.90,0.66,413.82,15.37,129.82,80.82,61.91,16.71,80.94,46.23,14.03,23.20,72.78,,,,,,,,,,,,,,,,,,,,,,,,,,,,,,,,,,,,,,,,,,,,,,
4-Sep-25,4.93,1164.60,851.00,1.91,0.69,444.80,17.20,140.40,76.80,44.60,16.76,81.12,42.80,13.07,22.00,73.58,,,,,,,,,,,,,,,,,,,,,,,,,,,,,,,,,,,,,,,,,,,,,,
5-Sep-25,4.90,1143.42,847.50,1.94,0.67,424.42,16.44,138.75,81.92,50.92,16.71,80.92,43.04,13.13,23.35,72.12,,,,,,,,,,,,,,,,,,,,,,,,,,,,,,,,,,,,,,,,,,,,,,
6-Sep-25,4.98,1122.92,849.33,1.90,0.66,432.92,18.79,144.25,88.00,55.50,16.71,81.14,41.27,12.24,23.40,70.69,,,,,,,,,,,,,,,,,,,,,,,,,,,,,,,,,,,,,,,,,,,,,,
7-Sep-25,5.03,1148.42,848.58,1.91,0.66,408.33,17.27,135.25,79.67,53.58,16.77,80.04,41.20,12.87,23.60,71.54,,,,,,,,,,,,,,,,,,,,,,,,,,,,,,,,,,,,,,,,,,,,,,
8-Sep-25,5.25,1145.00,847.58,1.97,0.68,403.83,12.10,138.75,78.50,60.70,16.60,80.64,44.37,13.80,24.00,73.56,,,,,,,,,,,,,,,,,,,,,,,,,,,,,,,,,,,,,,,,,,,,,,
9-Sep-25,5.17,1146.75,846.42,1.95,0.68,406.75,11.62,134.17,79.50,59.67,16.68,81.34,43.25,13.63,23.20,70.06,,,,,,,,,,,,,,,,,,,,,,,,,,,,,,,,,,,,,,,,,,,,,,
10-Sep-25,5.08,1136.42,848.92,1.94,0.67,426.33,11.04,144.25,85.75,51.75,16.58,81.12,41.92,13.80,23.00,71.40,,,,,,,,,,,,,,,,,,,,,,,,,,,,,,,,,,,,,,,,,,,,,,
11-Sep-25,5.21,1121.75,851.83,1.95,0.68,436.58,9.01,140.08,76.50,54.58,16.73,81.34,39.89,14.03,24.80,72.19,,,,,,,,,,,,,,,,,,,,,,,,,,,,,,,,,,,,,,,,,,,,,,
12-Sep-25,5.15,1134.50,844.92,1.94,0.67,408.92,9.72,139.75,81.00,57.83,16.84,81.09,38.06,13.87,23.00,71.26,,,,,,,,,,,,,,,,,,,,,,,,,,,,,,,,,,,,,,,,,,,,,,
13-Sep-25,5.14,1133.25,840.63,1.92,0.67,425.75,10.22,148.38,85.63,47.25,16.95,80.36,42.81,13.10,23.60,70.72,,,,,,,,,,,,,,,,,,,,,,,,,,,,,,,,,,,,,,,,,,,,,,
14-Sep-25,5.14,1135.50,876.00,2.08,0.71,439.75,11.54,152.50,98.50,56.50,16.60,80.92,45.86,13.13,23.20,73.66,,,,,,,,,,,,,,,,,,,,,,,,,,,,,,,,,,,,,,,,,,,,,,
15-Sep-25,5.32,1125.25,917.50,2.31,0.80,440.58,13.78,144.75,114.00,64.25,16.71,80.46,44.85,12.47,23.60,72.71,,,,,,,,,,,,,,,,,,,,,,,,,,,,,,,,,,,,,,,,,,,,,,
16-Sep-25,5.17,1121.92,930.92,2.48,0.86,461.58,15.95,149.17,123.83,70.42,16.57,81.47,44.34,12.53,23.55,71.81,,,,,,,,,,,,,,,,,,,,,,,,,,,,,,,,,,,,,,,,,,,,,,
17-Sep-25,5.47,1132.00,944.50,2.48,0.86,441.08,17.52,142.83,135.75,74.42,16.87,78.37,47.36,12.27,23.40,73.66,,,,,,,,,,,,,,,,,,,,,,,,,,,,,,,,,,,,,,,,,,,,,,
18-Sep-25,5.09,1135.25,737.75,1.72,0.71,384.50,12.54,142.75,92.25,61.38,16.69,80.73,46.85,14.40,23.35,74.37,,,,,,,,,,,,,,,,,,,,,,,,,,,,,,,,,,,,,,,,,,,,,,
19-Sep-25,5.92,1123.42,931.83,2.44,0.85,444.58,15.96,151.17,128.00,71.50,16.51,81.64,47.80,12.30,23.20,72.48,,,,,,,,,,,,,,,,,,,,,,,,,,,,,,,,,,,,,,,,,,,,,,
20-Sep-25,5.66,1123.45,782.36,2.00,0.70,421.82,12.92,142.36,100.64,58.64,16.63,81.12,18.37,13.90,23.60,71.53,,,,,,,,,,,,,,,,,,,,,,,,,,,,,,,,,,,,,,,,,,,,,,
21-Sep-25,5.59,1150.22,908.22,2.27,0.81,434.22,15.42,154.22,122.22,57.44,16.79,80.95,46.74,12.25,23.80,70.69,,,,,,,,,,,,,,,,,,,,,,,,,,,,,,,,,,,,,,,,,,,,,,
22-Sep-25,5.72,1142.75,854.25,2.26,0.80,447.50,13.49,152.25,110.17,61.08,16.76,79.10,49.36,13.10,23.40,72.66,,,,,,,,,,,,,,,,,,,,,,,,,,,,,,,,,,,,,,,,,,,,,,
23-Sep-25,5.95,1148.38,869.63,2.12,0.79,439.63,16.27,152.25,119.50,53.63,16.63,80.66,46.39,13.07,23.80,70.82,,,,,,,,,,,,,,,,,,,,,,,,,,,,,,,,,,,,,,,,,,,,,,
24-Sep-25,5.61,1146.33,865.58,2.21,0.81,432.67,15.48,151.83,113.00,55.88,16.69,80.15,51.39,13.25,24.00,73.53,,,,,,,,,,,,,,,,,,,,,,,,,,,,,,,,,,,,,,,,,,,,,,
25-Sep-25,5.20,1154.25,840.63,2.16,0.74,455.63,14.78,153.00,110.88,55.63,16.82,78.52,47.85,12.40,23.60,71.55,,,,,,,,,,,,,,,,,,,,,,,,,,,,,,,,,,,,,,,,,,,,,,
26-Sep-25,6.07,1134.33,902.58,2.35,0.80,431.58,15.57,150.17,115.67,65.00,16.71,79.22,49.60,13.00,23.80,72.47,,,,,,,,,,,,,,,,,,,,,,,,,,,,,,,,,,,,,,,,,,,,,,
27-Sep-25,6.01,1143.75,926.25,2.40,0.85,457.67,16.53,151.08,126.25,65.83,16.69,80.10,50.11,12.85,23.60,70.56,,,,,,,,,,,,,,,,,,,,,,,,,,,,,,,,,,,,,,,,,,,,,,
28-Sep-25,5.24,1151.17,909.50,2.33,0.81,438.92,16.32,151.25,122.58,65.00,16.72,78.12,48.36,12.60,23.80,70.78,,,,,,,,,,,,,,,,,,,,,,,,,,,,,,,,,,,,,,,,,,,,,,
29-Sep-25,5.42,1152.08,921.67,2.43,0.85,451.17,16.89,153.92,122.58,67.83,16.78,79.54,47.43,13.13,24.00,71.32,,,,,,,,,,,,,,,,,,,,,,,,,,,,,,,,,,,,,,,,,,,,,,
30-Sep-25,5.55,1136.58,903.67,2.30,0.80,457.83,16.02,152.42,118.92,66.50,16.97,,,,,,,,,,,,,,,,,,,,,,,,,,,,,,,,,,,,,,,,,,,,,,,,,,,
1-Oct-25,5.32,1143.75,863.58,2.17,0.75,452.33,14.55,154.00,111.00,58.75,16.97,79.24,43.70,13.10,23.00,71.28,,,,,,,,,,,,,,,,,,,,,,,,,,,,,,,,,,,,,,,,,,,,,,
2-Oct-25,5.93,1148.75,912.50,2.31,0.80,457.08,16.49,152.00,124.42,62.58,16.86,80.28,43.06,12.30,24.00,70.52,,,,,,,,,,,,,,,,,,,,,,,,,,,,,,,,,,,,,,,,,,,,,,
3-Oct-25,5.76,1144.33,910.58,2.32,0.82,450.58,16.56,152.67,125.92,62.33,16.95,79.80,45.43,12.65,23.80,72.62,,,,,,,,,,,,,,,,,,,,,,,,,,,,,,,,,,,,,,,,,,,,,,
4-Oct-25,6.02,1135.43,902.64,2.33,0.80,466.00,16.38,157.18,117.73,58.91,16.58,78.80,45.95,12.80,24.00,71.73,,,,,,,,,,,,,,,,,,,,,,,,,,,,,,,,,,,,,,,,,,,,,,
5-Oct-25,6.65,1142.60,934.00,2.36,0.82,460.20,17.22,155.20,122.80,65.60,16.98,79.60,47.91,12.85,23.60,70.86,,,,,,,,,,,,,,,,,,,,,,,,,,,,,,,,,,,,,,,,,,,,,,
6-Oct-25,6.55,1150.75,946.25,2.39,0.82,448.38,16.77,151.50,129.88,60.00,16.89,80.10,48.56,12.80,24.00,72.38,,,,,,,,,,,,,,,,,,,,,,,,,,,,,,,,,,,,,,,,,,,,,,
7-Oct-25,7.41,1154.13,892.13,2.36,0.83,456.50,16.76,154.88,123.50,64.50,16.78,79.64,47.60,12.50,23.20,75.62,,,,,,,,,,,,,,,,,,,,,,,,,,,,,,,,,,,,,,,,,,,,,,
8-Oct-25,6.97,1144.57,944.43,2.50,0.84,449.29,18.07,153.14,122.71,75.14,16.94,80.80,46.50,12.30,24.40,72.61,,,,,,,,,,,,,,,,,,,,,,,,,,,,,,,,,,,,,,,,,,,,,,
9-Oct-25,6.01,1140.89,939.78,2.48,0.87,457.67,17.38,148.22,124.00,80.33,16.52,78.12,,,23.80,70.24,,,,,,,,,,,,,,,,,,,,,,,,,,,,,,,,,,,,,,,,,,,,,,
10-Oct-25,5.98,1144.67,913.58,2.37,0.81,450.83,17.38,154.08,122.25,66.25,16.84,79.80,48.67,13.00,24.00,74.02,,,,,,,,,,,,,,,,,,,,,,,,,,,,,,,,,,,,,,,,,,,,,,
11-Oct-25,5.66,1047.36,950.83,2.53,0.86,421.58,18.11,138.42,135.17,80.43,16.69,80.37,49.02,13.40,23.60,71.57,,,,,,,,,,,,,,,,,,,,,,,,,,,,,,,,,,,,,,,,,,,,,,
12-Oct-25,7.46,1151.75,953.58,2.54,0.89,428.00,17.82,137.08,138.50,81.00,16.77,79.94,50.00,13.00,23.20,72.50,,,,,,,,,,,,,,,,,,,,,,,,,,,,,,,,,,,,,,,,,,,,,,
13-Oct-25,6.77,1152.00,947.00,2.56,0.89,450.17,17.28,146.08,132.67,72.92,16.76,81.02,,13.10,24.00,71.67,,,,,,,,,,,,,,,,,,,,,,,,,,,,,,,,,,,,,,,,,,,,,,
14-Oct-25,5.99,1171.00,948.91,2.56,0.87,429.91,17.73,144.91,128.73,75.82,16.95,79.87,49.17,12.60,23.60,70.06,,,,,,,,,,,,,,,,,,,,,,,,,,,,,,,,,,,,,,,,,,,,,,
15-Oct-25,6.05,1156.88,921.75,2.43,0.86,451.13,17.83,147.75,126.75,74.50,16.78,81.06,45.68,13.70,23.20,73.12,,,,,,,,,,,,,,,,,,,,,,,,,,,,,,,,,,,,,,,,,,,,,,
16-Oct-25,6.20,1156.75,858.63,2.26,0.84,425.13,16.85,151.00,118.50,69.88,16.68,80.54,50.41,13.15,23.80,71.62,,,,,,,,,,,,,,,,,,,,,,,,,,,,,,,,,,,,,,,,,,,,,,
17-Oct-25,5.79,1145.67,874.22,2.21,0.80,435.89,16.58,151.67,114.00,67.89,16.82,81.12,51.22,13.20,23.30,72.20,,,,,,,,,,,,,,,,,,,,,,,,,,,,,,,,,,,,,,,,,,,,,,
18-Oct-25,6.47,1148.75,914.33,2.42,0.82,435.17,16.11,147.92,125.00,67.75,16.76,79.06,51.89,13.30,24.00,70.32,,,,,,,,,,,,,,,,,,,,,,,,,,,,,,,,,,,,,,,,,,,,,,
19-Oct-25,6.05,1157.58,922.33,2.45,0.84,433.33,16.79,148.42,126.58,72.00,16.88,78.68,50.88,12.70,23.60,71.16,,,,,,,,,,,,,,,,,,,,,,,,,,,,,,,,,,,,,,,,,,,,,,
20-Oct-25,6.41,1144.00,940.50,2.51,0.85,437.08,16.75,148.42,129.75,72.67,16.85,79.32,50.26,12.85,24.00,72.34,,,,,,,,,,,,,,,,,,,,,,,,,,,,,,,,,,,,,,,,,,,,,,
21-Oct-25,6.42,1172.33,954.33,2.55,0.88,421.67,17.90,145.67,123.00,81.00,16.90,78.54,50.74,12.80,23.40,70.43,,,,,,,,,,,,,,,,,,,,,,,,,,,,,,,,,,,,,,,,,,,,,,
24-Oct-25,6.62,1137.38,941.13,2.58,0.85,461.25,11.12,146.25,131.75,81.38,16.95,80.10,,,23.40,70.34,,,,,,,,,,,,,,,,,,,,,,,,,,,,,,,,,,,,,,,,,,,,,,
25-Oct-25,7.12,1147.88,944.38,2.55,0.85,437.25,11.71,138.50,132.75,79.25,16.82,77.82,,,24.00,71.26,,,,,,,,,,,,,,,,,,,,,,,,,,,,,,,,,,,,,,,,,,,,,,
26-Oct-25,7.17,1150.08,933.83,2.52,0.84,441.67,13.68,134.92,129.83,70.50,16.85,80.16,,,23.60,69.42,,,,,,,,,,,,,,,,,,,,,,,,,,,,,,,,,,,,,,,,,,,,,,
27-Oct-25,7.18,1151.75,943.88,2.56,0.85,434.13,11.32,144.88,133.88,72.75,16.89,79.00,50.89,12.35,23.80,70.31,,,,,,,,,,,,,,,,,,,,,,,,,,,,,,,,,,,,,,,,,,,,,,
28-Oct-25,7.43,1148.38,941.25,2.56,0.85,450.25,10.41,150.50,129.13,70.25,16.71,80.14,,,24.20,72.05,,,,,,,,,,,,,,,,,,,,,,,,,,,,,,,,,,,,,,,,,,,,,,
29-Oct-25,7.78,1147.00,951.88,2.59,0.86,441.63,10.96,145.88,131.00,80.50,16.92,80.64,51.64,12.20,23.60,73.93,,,,,,,,,,,,,,,,,,,,,,,,,,,,,,,,,,,,,,,,,,,,,,
30-Oct-25,7.57,1147.63,942.50,2.53,0.85,459.63,10.71,151.63,130.00,76.63,16.79,78.12,,,24.00,70.69,,,,,,,,,,,,,,,,,,,,,,,,,,,,,,,,,,,,,,,,,,,,,,
31-Oct-25,7.33,1153.25,940.25,2.49,0.83,474.50,10.54,152.75,127.75,78.75,16.96,,,,24.00,70.69,,,,,,,,,,,,,,,,,,,,,,,,,,,,,,,,,,,,,,,,,,,,,,
1-Nov-25,6.91,1141.00,947.25,2.54,0.86,438.08,11.11,145.83,132.00,80.00,16.78,79.81,49.34,12.60,24.00,71.58,,,,,,,,,,,,,,,,,,,,,,,,,,,,,,,,,,,,,,,,,,,,,,
2-Nov-25,6.90,1148.25,903.67,2.44,0.82,435.17,10.62,152.67,128.58,68.67,16.62,78.79,,,23.20,73.44,,,,,,,,,,,,,,,,,,,,,,,,,,,,,,,,,,,,,,,,,,,,,,
3-Nov-25,6.24,1177.58,933.92,2.21,0.76,448.58,10.59,153.50,127.58,68.25,16.66,79.21,,,23.80,70.88,,,,,,,,,,,,,,,,,,,,,,,,,,,,,,,,,,,,,,,,,,,,,,
4-Nov-25,6.46,1173.75,924.92,2.27,0.70,432.00,11.39,153.17,129.75,71.42,16.63,80.16,51.68,13.10,23.60,71.45,,,,,,,,,,,,,,,,,,,,,,,,,,,,,,,,,,,,,,,,,,,,,,
5-Nov-25,6.43,1137.17,886.92,2.19,0.72,419.67,10.72,144.58,129.83,71.83,16.74,77.86,47.94,31.10,24.00,70.66,,,,,,,,,,,,,,,,,,,,,,,,,,,,,,,,,,,,,,,,,,,,,,
6-Nov-25,4.61,1040.00,637.17,1.51,0.50,363.58,7.41,129.00,83.08,51.83,16.83,79.58,50.25,12.90,23.60,72.08,,,,,,,,,,,,,,,,,,,,,,,,,,,,,,,,,,,,,,,,,,,,,,
7-Nov-25,6.28,1154.67,942.42,2.49,0.82,424.83,11.81,147.00,138.75,85.92,16.54,78.52,49.70,14.20,23.20,71.15,,,,,,,,,,,,,,,,,,,,,,,,,,,,,,,,,,,,,,,,,,,,,,
8-Nov-25,6.75,1180.25,847.42,2.11,0.71,422.42,10.54,150.33,119.67,64.83,16.81,79.65,50.61,14.05,23.40,70.64,,,,,,,,,,,,,,,,,,,,,,,,,,,,,,,,,,,,,,,,,,,,,,
9-Nov-25,6.20,1198.42,866.50,2.17,0.73,422.50,10.43,148.92,122.33,59.75,16.86,78.80,,,24.20,70.68,,,,,,,,,,,,,,,,,,,,,,,,,,,,,,,,,,,,,,,,,,,,,,
10-Nov-25,6.51,1169.17,873.42,2.22,0.74,433.50,10.82,148.17,119.33,61.75,16.98,79.60,49.95,13.10,24.80,71.39,,,,,,,,,,,,,,,,,,,,,,,,,,,,,,,,,,,,,,,,,,,,,,
11-Nov-25,6.53,1154.92,932.67,2.39,0.79,431.75,11.45,148.75,131.58,67.25,17.07,78.54,,,24.20,69.96,,,,,,,,,,,,,,,,,,,,,,,,,,,,,,,,,,,,,,,,,,,,,,
12-Nov-25,6.42,1166.08,872.75,2.24,0.75,444.88,10.61,148.88,117.50,69.43,16.64,79.06,50.51,13.20,24.00,71.25,,,,,,,,,,,,,,,,,,,,,,,,,,,,,,,,,,,,,,,,,,,,,,
13-Nov-25,6.47,1144.92,859.58,2.21,0.74,445.83,10.61,152.08,118.17,53.08,16.73,78.50,49.15,12.80,23.60,70.54,,,,,,,,,,,,,,,,,,,,,,,,,,,,,,,,,,,,,,,,,,,,,,
14-Nov-25,6.65,1148.75,796.50,2.05,0.66,444.75,9.77,147.00,121.50,40.25,16.78,79.06,47.15,12.70,24.40,71.68,,,,,,,,,,,,,,,,,,,,,,,,,,,,,,,,,,,,,,,,,,,,,,
15-Nov-25,7.46,1140.25,891.00,2.32,0.77,445.92,10.94,153.08,122.33,50.58,16.65,78.60,47.31,12.10,24.60,70.22,,,,,,,,,,,,,,,,,,,,,,,,,,,,,,,,,,,,,,,,,,,,,,
16-Nov-25,7.33,1150.42,931.58,2.46,0.82,444.25,12.02,146.50,134.50,61.75,16.57,79.20,,,23.20,69.72,,,,,,,,,,,,,,,,,,,,,,,,,,,,,,,,,,,,,,,,,,,,,,
17-Nov-25,6.93,1139.42,860.50,2.14,0.73,428.17,11.34,149.83,116.67,54.67,16.85,78.92,47.54,12.40,24.80,73.41,,,,,,,,,,,,,,,,,,,,,,,,,,,,,,,,,,,,,,,,,,,,,,
18-Nov-25,6.85,1157.00,859.75,2.16,0.77,452.17,10.91,154.50,120.25,54.08,16.90,79.34,51.34,12.95,24.40,,,,,,,,,,,,,,,,,,,,,,,,,,,,,,,,,,,,,,,,,,,,,,,
19-Nov-25,6.16,1166.83,888.50,2.22,0.74,463.00,11.33,153.17,124.67,50.25,16.56,78.32,49.97,12.50,24.00,72.77,,,,,,,,,,,,,,,,,,,,,,,,,,,,,,,,,,,,,,,,,,,,,,
20-Nov-25,6.42,1150.17,871.83,2.18,0.75,435.58,11.41,153.58,126.42,49.89,16.87,77.92,50.33,12.90,24.80,74.73,,,,,,,,,,,,,,,,,,,,,,,,,,,,,,,,,,,,,,,,,,,,,,
21-Nov-25,7.14,1157.83,834.58,1.99,0.67,414.42,10.66,152.00,109.50,49.50,16.51,79.54,50.84,12.40,24.40,69.86,,,,,,,,,,,,,,,,,,,,,,,,,,,,,,,,,,,,,,,,,,,,,,
22-Nov-25,7.00,1152.25,949.42,2.58,0.86,429.42,11.85,148.67,136.83,84.08,16.70,78.22,48.80,12.80,24.20,72.46,,,,,,,,,,,,,,,,,,,,,,,,,,,,,,,,,,,,,,,,,,,,,,
23-Nov-25,6.61,1152.67,908.75,2.35,0.79,442.58,11.45,150.75,125.00,65.33,16.75,79.12,49.72,12.50,24.80,71.64,,,,,,,,,,,,,,,,,,,,,,,,,,,,,,,,,,,,,,,,,,,,,,
24-Nov-25,6.69,1159.75,898.75,2.28,0.77,445.83,11.65,150.17,124.50,55.25,16.75,78.64,51.94,12.10,24.00,73.47,,,,,,,,,,,,,,,,,,,,,,,,,,,,,,,,,,,,,,,,,,,,,,
25-Nov-25,6.25,1166.50,905.00,2.22,0.74,438.17,12.22,152.08,131.42,54.17,16.70,80.87,51.01,12.40,23.80,72.62,,,,,,,,,,,,,,,,,,,,,,,,,,,,,,,,,,,,,,,,,,,,,,
26-Nov-25,6.55,1163.36,899.91,2.19,0.73,430.09,11.82,149.09,127.64,53.09,16.78,78.88,49.20,12.25,,,,,,,,,,,,,,,,,,,,,,,,,,,,,,,,,,,,,,,,,,,,,,,,
27-Nov-25,6.45,1159.89,926.89,2.31,0.77,427.00,11.65,145.44,130.00,57.33,16.93,79.02,48.84,12.07,,,,,,,,,,,,,,,,,,,,,,,,,,,,,,,,,,,,,,,,,,,,,,,,
28-Nov-25,6.08,1148.92,921.67,2.33,0.78,439.67,11.31,150.58,124.75,62.33,16.71,81.02,,,24.20,72.32,,,,,,,,,,,,,,,,,,,,,,,,,,,,,,,,,,,,,,,,,,,,,,
29-Nov-25,5.57,1116.88,820.00,2.01,0.70,412.25,10.75,142.63,111.50,57.63,16.95,79.30,45.59,,24.30,73.62,,,,,,,,,,,,,,,,,,,,,,,,,,,,,,,,,,,,,,,,,,,,,,
30-Nov-25,5.12,1115.92,799.08,1.78,0.62,387.00,9.71,136.25,106.42,54.25,16.76,,49.30,11.90,,,,,,,,,,,,,,,,,,,,,,,,,,,,,,,,,,,,,,,,,,,,,,,,
1-Dec-25,6.27,1149.42,926.17,2.38,0.78,430.75,11.64,142.25,127.17,60.58,16.90,77.90,,,22.80,70.71,,,,,,,,,,,,,,,,,,,,,,,,,,,,,,,,,,,,,,,,,,,,,,
2-Dec-25,5.64,1113.42,829.92,2.00,0.69,408.33,10.72,141.08,115.25,60.95,16.69,79.26,46.63,11.70,25.60,72.65,,,,,,,,,,,,,,,,,,,,,,,,,,,,,,,,,,,,,,,,,,,,,,
3-Dec-25,5.61,1135.33,925.63,2.22,0.74,448.63,11.90,147.38,130.00,59.60,16.77,80.36,46.08,12.20,23.70,73.41,,,,,,,,,,,,,,,,,,,,,,,,,,,,,,,,,,,,,,,,,,,,,,
4-Dec-25,6.00,1145.75,854.33,2.12,0.72,436.89,11.05,142.33,125.33,66.11,16.68,78.12,48.74,12.85,23.20,71.73,,,,,,,,,,,,,,,,,,,,,,,,,,,,,,,,,,,,,,,,,,,,,,
5-Dec-25,6.41,1145.33,865.25,2.17,0.71,418.67,11.27,141.25,129.42,68.08,16.74,77.52,,12.30,25.90,69.10,,,,,,,,,,,,,,,,,,,,,,,,,,,,,,,,,,,,,,,,,,,,,,
6-Dec-25,6.67,1152.00,937.88,2.51,0.83,442.25,11.61,143.63,131.75,77.88,17.05,79.54,,13.30,24.80,73.74,,,,,,,,,,,,,,,,,,,,,,,,,,,,,,,,,,,,,,,,,,,,,,
7-Dec-25,6.70,1142.75,916.17,2.29,0.76,441.25,11.16,149.92,126.25,53.25,16.57,80.04,,,24.00,70.17,,,,,,,,,,,,,,,,,,,,,,,,,,,,,,,,,,,,,,,,,,,,,,
8-Dec-25,6.09,1143.67,929.00,2.31,0.77,444.67,10.90,152.00,128.25,61.50,16.80,78.80,48.20,13.00,23.80,73.91,,,,,,,,,,,,,,,,,,,,,,,,,,,,,,,,,,,,,,,,,,,,,,
9-Dec-25,6.43,1163.67,945.00,2.45,0.81,433.00,11.57,147.00,131.67,61.00,16.86,,47.82,13.90,23.40,,,,,,,,,,,,,,,,,,,,,,,,,,,,,,,,,,,,,,,,,,,,,,,
10-Dec-25,5.25,1097.67,655.29,1.44,0.58,400.60,7.33,119.71,84.29,56.80,17.10,78.25,48.04,,23.80,73.03,,,,,,,,,,,,,,,,,,,,,,,,,,,,,,,,,,,,,,,,,,,,,,
11-Dec-25,5.42,1157.75,881.67,2.19,0.74,441.58,9.27,152.83,117.25,57.00,16.74,79.32,48.83,11.60,24.20,69.31,,,,,,,,,,,,,,,,,,,,,,,,,,,,,,,,,,,,,,,,,,,,,,
12-Dec-25,5.70,1154.33,862.75,2.14,0.72,449.83,9.86,152.92,126.25,60.25,16.85,77.52,,12.00,24.80,71.15,,,,,,,,,,,,,,,,,,,,,,,,,,,,,,,,,,,,,,,,,,,,,,
13-Dec-25,6.02,1162.25,886.75,2.17,0.76,452.08,9.99,151.58,119.75,51.08,16.66,80.10,47.36,11.60,24.80,68.42,,,,,,,,,,,,,,,,,,,,,,,,,,,,,,,,,,,,,,,,,,,,,,
14-Dec-25,6.09,1159.17,852.17,2.13,0.73,445.25,9.86,154.50,111.75,60.08,17.01,77.90,45.80,11.90,24.20,73.00,,,,,,,,,,,,,,,,,,,,,,,,,,,,,,,,,,,,,,,,,,,,,,
15-Dec-25,5.82,1164.00,905.33,2.23,0.75,460.75,10.26,154.58,120.00,59.00,16.82,78.54,,,23.00,71.13,,,,,,,,,,,,,,,,,,,,,,,,,,,,,,,,,,,,,,,,,,,,,,
16-Dec-25,5.82,1164.00,905.33,2.23,0.75,460.75,10.26,154.58,120.00,59.00,16.50,78.28,,,23.60,72.44,,,,,,,,,,,,,,,,,,,,,,,,,,,,,,,,,,,,,,,,,,,,,,
17-Dec-25,6.38,1163.92,849.83,2.14,0.72,458.83,9.44,154.92,113.92,49.92,17.17,79.89,49.86,11.60,24.20,73.26,,,,,,,,,,,,,,,,,,,,,,,,,,,,,,,,,,,,,,,,,,,,,,
18-Dec-25,6.00,1154.83,857.17,2.15,0.73,460.58,9.64,156.67,110.17,47.75,16.73,80.02,47.35,11.50,23.40,71.97,,,,,,,,,,,,,,,,,,,,,,,,,,,,,,,,,,,,,,,,,,,,,,
19-Dec-25,6.11,1153.42,859.17,2.23,0.76,458.33,9.14,156.00,109.25,54.92,16.71,78.12,50.43,12.10,24.40,70.50,,,,,,,,,,,,,,,,,,,,,,,,,,,,,,,,,,,,,,,,,,,,,,
20-Dec-25,6.23,1155.75,856.75,2.26,0.78,452.33,8.88,157.67,107.83,66.17,17.05,79.45,49.67,11.85,23.80,71.02,,,,,,,,,,,,,,,,,,,,,,,,,,,,,,,,,,,,,,,,,,,,,,
21-Dec-25,5.80,1168.17,879.58,2.28,0.78,446.92,10.03,151.75,116.25,46.58,16.53,80.45,47.67,12.60,24.40,73.34,,,,,,,,,,,,,,,,,,,,,,,,,,,,,,,,,,,,,,,,,,,,,,
22-Dec-25,5.78,1172.42,861.25,2.26,0.75,463.50,9.28,156.83,111.92,44.25,16.79,78.68,45.95,12.60,,,,,,,,,,,,,,,,,,,,,,,,,,,,,,,,,,,,,,,,,,,,,,,,
23-Dec-25,6.02,1163.17,882.00,2.29,0.76,461.25,9.85,154.42,111.58,56.92,16.87,79.48,49.26,12.20,23.80,72.34,,,,,,,,,,,,,,,,,,,,,,,,,,,,,,,,,,,,,,,,,,,,,,
24-Dec-25,5.81,1159.88,788.00,1.95,0.65,463.00,8.93,153.13,96.13,42.25,16.78,79.04,,,24.40,71.44,,,,,,,,,,,,,,,,,,,,,,,,,,,,,,,,,,,,,,,,,,,,,,
25-Dec-25,5.54,1162.08,706.00,1.62,0.56,423.67,7.98,152.50,82.92,35.42,16.88,80.12,48.00,11.30,23.40,70.55,,,,,,,,,,,,,,,,,,,,,,,,,,,,,,,,,,,,,,,,,,,,,,
26-Dec-25,5.96,1138.00,788.50,2.04,0.69,454.75,8.60,154.67,95.50,41.25,16.64,79.24,43.85,12.60,23.80,72.39,,,,,,,,,,,,,,,,,,,,,,,,,,,,,,,,,,,,,,,,,,,,,,
27-Dec-25,5.59,1117.67,658.50,1.50,0.58,430.92,7.06,151.92,73.00,39.00,16.91,78.52,43.93,10.80,24.80,71.46,,,,,,,,,,,,,,,,,,,,,,,,,,,,,,,,,,,,,,,,,,,,,,
28-Dec-25,5.83,1144.00,722.67,1.83,0.66,443.08,7.36,154.33,79.17,38.08,16.66,79.98,45.98,10.10,24.40,73.34,,,,,,,,,,,,,,,,,,,,,,,,,,,,,,,,,,,,,,,,,,,,,,
29-Dec-25,5.45,1142.50,656.42,1.55,0.61,410.00,6.79,152.08,71.50,38.08,16.79,78.64,45.51,10.30,23.80,72.44,,,,,,,,,,,,,,,,,,,,,,,,,,,,,,,,,,,,,,,,,,,,,,
30-Dec-25,5.77,1125.33,680.58,1.62,0.61,397.25,7.11,149.50,77.00,37.32,17.05,79.12,41.75,10.40,24.20,73.48,,,,,,,,,,,,,,,,,,,,,,,,,,,,,,,,,,,,,,,,,,,,,,
31-Dec-25,5.83,1128.25,815.83,2.16,0.76,448.25,9.24,150.33,104.00,45.17,16.96,,45.97,9.85,,,,,,,,,,,,,,,,,,,,,,,,,,,,,,,,,,,,,,,,,,,,,,,,
1-Jan-26,6.04,1141.58,800.58,2.10,0.71,438.83,8.46,154.25,100.58,37.87,16.78,77.26,47.87,11.10,24.00,72.63,,,,,,,,,,,,,,,,,,,,,,,,,,,,,,,,,,,,,,,,,,,,,,
2-Jan-26,6.16,1128.25,853.67,2.18,0.72,430.42,9.19,151.67,112.00,46.58,16.35,79.24,49.81,11.40,24.20,70.71,,,,,,,,,,,,,,,,,,,,,,,,,,,,,,,,,,,,,,,,,,,,,,
3-Jan-26,5.78,1147.00,870.17,2.18,0.72,437.00,9.60,151.33,111.50,47.08,16.50,80.12,51.77,11.80,24.40,73.64,,,,,,,,,,,,,,,,,,,,,,,,,,,,,,,,,,,,,,,,,,,,,,
4-Jan-26,5.68,1131.92,825.75,2.22,0.76,446.13,8.82,154.88,108.88,53.25,16.82,78.82,45.93,11.70,23.60,70.58,,,,,,,,,,,,,,,,,,,,,,,,,,,,,,,,,,,,,,,,,,,,,,
5-Jan-26,5.76,1140.75,888.92,2.32,0.79,438.25,9.86,153.33,118.00,51.50,16.84,79.10,53.03,12.60,23.00,71.63,,,,,,,,,,,,,,,,,,,,,,,,,,,,,,,,,,,,,,,,,,,,,,
6-Jan-26,5.89,1130.25,804.58,2.05,0.71,441.83,8.45,151.67,100.83,41.75,17.16,78.64,56.50,13.70,24.00,71.14,,,,,,,,,,,,,,,,,,,,,,,,,,,,,,,,,,,,,,,,,,,,,,
7-Jan-26,5.99,1127.42,906.67,2.38,0.80,455.17,10.27,151.08,123.17,54.23,16.95,78.54,55.89,13.70,24.20,71.22,,,,,,,,,,,,,,,,,,,,,,,,,,,,,,,,,,,,,,,,,,,,,,
8-Jan-26,5.24,1124.33,911.25,2.38,0.79,433.33,10.83,147.75,125.33,57.33,16.81,78.56,45.88,12.30,22.00,71.29,,,,,,,,,,,,,,,,,,,,,,,,,,,,,,,,,,,,,,,,,,,,,,
9-Jan-26,5.35,1156.00,891.58,2.22,0.73,431.00,10.95,150.00,121.58,47.25,16.71,78.46,44.44,12.51,23.00,71.38,,,,,,,,,,,,,,,,,,,,,,,,,,,,,,,,,,,,,,,,,,,,,,
10-Jan-26,5.91,1133.11,886.33,2.31,0.75,437.33,8.79,154.25,116.33,50.33,16.95,78.62,44.90,12.34,22.60,73.91,,,,,,,,,,,,,,,,,,,,,,,,,,,,,,,,,,,,,,,,,,,,,,
11-Jan-26,5.81,1149.75,880.33,2.26,0.74,446.08,9.26,150.25,117.67,52.50,16.99,78.76,46.98,11.82,23.10,72.03,,,,,,,,,,,,,,,,,,,,,,,,,,,,,,,,,,,,,,,,,,,,,,
12-Jan-26,6.11,1140.67,896.25,2.28,0.75,437.58,9.71,150.17,121.75,53.75,17.26,80.12,46.57,12.14,23.60,73.88,,,,,,,,,,,,,,,,,,,,,,,,,,,,,,,,,,,,,,,,,,,,,,
13-Jan-26,5.96,1156.25,923.38,2.30,0.78,412.25,9.52,142.00,132.00,62.88,16.64,79.14,,,,,,,,,,,,,,,,,,,,,,,,,,,,,,,,,,,,,,,,,,,,,,,,,,
14-Jan-26,6.37,1149.75,936.75,2.43,0.80,421.25,8.67,141.25,133.42,70.42,16.53,79.14,46.64,12.45,23.20,,,,,,,,,,,,,,,,,,,,,,,,,,,,,,,,,,,,,,,,,,,,,,,
15-Jan-26,6.07,1137.67,891.50,2.32,0.77,427.17,8.61,144.83,121.92,66.42,16.61,80.05,46.19,13.75,,,,,,,,,,,,,,,,,,,,,,,,,,,,,,,,,,,,,,,,,,,,,,,,
16-Jan-26,5.72,1129.17,844.75,2.06,0.68,423.75,8.73,149.42,112.17,50.08,17.11,79.14,45.75,13.45,,,,,,,,,,,,,,,,,,,,,,,,,,,,,,,,,,,,,,,,,,,,,,,,
17-Jan-26,6.18,1134.08,935.33,2.32,0.77,421.67,10.27,147.25,132.33,58.42,16.64,78.82,45.76,12.50,23.60,73.05,,,,,,,,,,,,,,,,,,,,,,,,,,,,,,,,,,,,,,,,,,,,,,
18-Jan-26,6.21,1134.50,915.00,2.30,0.77,427.00,10.23,151.00,127.33,60.25,16.64,79.34,46.60,12.70,24.00,71.97,,,,,,,,,,,,,,,,,,,,,,,,,,,,,,,,,,,,,,,,,,,,,,
19-Jan-26,6.27,1133.17,927.67,2.35,0.77,427.00,10.61,150.42,126.42,65.58,16.67,80.12,46.52,12.83,23.20,70.13,,,,,,,,,,,,,,,,,,,,,,,,,,,,,,,,,,,,,,,,,,,,,,
20-Jan-26,6.30,1132.80,929.80,2.47,0.82,417.20,12.16,143.00,129.20,68.00,16.61,78.24,46.60,12.80,,,,,,,,,,,,,,,,,,,,,,,,,,,,,,,,,,,,,,,,,,,,,,,,
21-Jan-26,6.50,1156.50,925.00,2.50,0.84,394.08,13.04,132.75,132.00,75.75,16.89,79.66,44.56,12.40,24.60,,,,,,,,,,,,,,,,,,,,,,,,,,,,,,,,,,,,,,,,,,,,,,,
22-Jan-26,6.52,1151.17,930.92,2.54,0.84,401.00,13.00,133.00,134.00,69.83,16.52,77.82,,,23.80,72.31,,,,,,,,,,,,,,,,,,,,,,,,,,,,,,,,,,,,,,,,,,,,,,
23-Jan-26,6.08,1154.08,936.67,2.37,0.80,410.58,13.32,139.58,132.50,59.33,16.64,80.22,,,25.00,68.08,,,,,,,,,,,,,,,,,,,,,,,,,,,,,,,,,,,,,,,,,,,,,,
24-Jan-26,5.95,1160.75,939.83,2.46,0.82,399.83,14.01,133.50,137.50,64.17,16.52,77.24,45.88,12.10,23.80,71.19,,,,,,,,,,,,,,,,,,,,,,,,,,,,,,,,,,,,,,,,,,,,,,
25-Jan-26,5.65,1149.08,871.42,2.19,0.68,416.83,13.15,141.58,121.25,57.50,16.84,80.10,46.30,13.10,,76.66,,,,,,,,,,,,,,,,,,,,,,,,,,,,,,,,,,,,,,,,,,,,,,
26-Jan-26,5.54,1149.50,931.58,2.33,0.77,428.75,13.84,145.92,134.08,66.25,16.86,,,,24.80,75.78,,,,,,,,,,,,,,,,,,,,,,,,,,,,,,,,,,,,,,,,,,,,,,
27-Jan-26,5.59,1153.75,895.17,2.12,0.71,425.42,13.57,151.58,124.25,60.58,16.81,,,,22.80,73.81,,,,,,,,,,,,,,,,,,,,,,,,,,,,,,,,,,,,,,,,,,,,,,
28-Jan-26,5.90,1161.58,940.42,2.36,0.79,434.67,13.91,145.92,133.17,64.25,16.81,,47.15,12.40,21.60,73.21,,,,,,,,,,,,,,,,,,,,,,,,,,,,,,,,,,,,,,,,,,,,,,
29-Jan-26,5.86,1154.83,937.33,2.41,0.80,450.42,13.89,148.33,129.75,68.50,16.75,,,,23.70,74.82,,,,,,,,,,,,,,,,,,,,,,,,,,,,,,,,,,,,,,,,,,,,,,
30-Jan-26,5.57,1155.92,914.83,2.36,0.81,433.25,13.13,146.67,126.33,65.08,16.85,,49.15,12.35,23.10,72.97,,,,,,,,,,,,,,,,,,,,,,,,,,,,,,,,,,,,,,,,,,,,,,
31-Jan-26,5.74,1154.67,924.33,2.41,0.81,449.00,12.99,150.25,124.25,68.83,16.84,,49.65,13.00,23.10,72.97,,,,,,,,,,,,,,,,,,,,,,,,,,,,,,,,,,,,,,,,,,,,,,
1-Feb-26,5.51,1153.75,944.00,2.50,0.83,424.75,13.14,142.50,132.67,74.75,16.99,79.34,49.19,12.60,23.13,74.11,,,,,,,,,,,,,,,,,,,,,,,,,,,,,,,,,,,,,,,,,,,,,,
2-Feb-26,5.45,1162.57,938.86,2.33,0.79,442.50,13.59,149.13,130.63,62.63,16.66,80.22,,13.00,23.40,73.95,,,,,,,,,,,,,,,,,,,,,,,,,,,,,,,,,,,,,,,,,,,,,,
3-Feb-26,5.64,1161.00,930.20,2.45,0.79,416.38,13.18,142.38,127.25,73.75,17.01,81.36,,,22.90,72.06,,,,,,,,,,,,,,,,,,,,,,,,,,,,,,,,,,,,,,,,,,,,,,
4-Feb-26,6.24,1164.67,939.67,2.59,0.85,436.67,12.67,145.33,129.33,72.33,16.77,79.22,,,23.20,72.13,,,,,,,,,,,,,,,,,,,,,,,,,,,,,,,,,,,,,,,,,,,,,,
5-Feb-26,5.58,1154.50,941.00,2.54,0.84,424.60,13.14,143.40,133.20,92.00,17.00,79.80,,,23.60,,,,,,,,,,,,,,,,,,,,,,,,,,,,,,,,,,,,,,,,,,,,,,,
6-Feb-26,5.50,1173.56,874.67,2.25,0.72,418.83,12.32,147.08,119.42,68.58,16.65,80.14,,,23.60,72.97,,,,,,,,,,,,,,,,,,,,,,,,,,,,,,,,,,,,,,,,,,,,,,
7-Feb-26,5.74,1158.25,901.58,2.23,0.74,432.17,12.98,150.75,123.08,68.25,16.98,80.34,,,23.20,75.43,,,,,,,,,,,,,,,,,,,,,,,,,,,,,,,,,,,,,,,,,,,,,,
8-Feb-26,5.85,1154.00,933.00,2.44,0.81,427.50,12.49,144.75,131.75,64.50,16.79,80.94,,,24.10,74.31,,,,,,,,,,,,,,,,,,,,,,,,,,,,,,,,,,,,,,,,,,,,,,
9-Feb-26,5.83,1163.63,904.25,2.40,0.81,442.75,12.62,153.63,119.50,63.88,16.70,79.22,47.93,11.60,22.10,72.50,,,,,,,,,,,,,,,,,,,,,,,,,,,,,,,,,,,,,,,,,,,,,,
10-Feb-26,5.70,1165.75,928.58,2.47,0.81,441.83,13.07,145.42,128.67,68.67,16.84,81.10,59.35,12.40,22.60,73.19,,,,,,,,,,,,,,,,,,,,,,,,,,,,,,,,,,,,,,,,,,,,,,
11-Feb-26,6.10,1156.09,934.55,2.51,0.83,433.64,12.63,144.18,127.09,62.27,16.64,,51.12,12.30,23.00,72.73,,,,,,,,,,,,,,,,,,,,,,,,,,,,,,,,,,,,,,,,,,,,,,
12-Feb-26,6.22,1151.60,937.80,2.55,0.84,444.80,12.25,149.60,124.60,73.40,16.65,79.72,49.42,12.10,23.80,71.93,,,,,,,,,,,,,,,,,,,,,,,,,,,,,,,,,,,,,,,,,,,,,,
13-Feb-26,6.72,1162.64,912.91,2.44,0.81,446.00,12.10,144.64,114.64,73.00,16.83,81.16,,,23.10,73.95,,,,,,,,,,,,,,,,,,,,,,,,,,,,,,,,,,,,,,,,,,,,,,
14-Feb-26,6.59,1155.25,911.13,2.47,0.82,451.50,10.86,151.88,120.88,72.00,16.96,80.10,,,23.40,73.05,,,,,,,,,,,,,,,,,,,,,,,,,,,,,,,,,,,,,,,,,,,,,,
15-Feb-26,5.17,1123.67,894.29,2.24,0.72,441.67,14.40,118.00,129.33,63.33,16.75,81.34,47.86,12.65,23.10,72.68,,,,,,,,,,,,,,,,,,,,,,,,,,,,,,,,,,,,,,,,,,,,,,
16-Feb-26,5.96,1179.00,925.11,2.53,0.84,423.89,14.46,143.78,125.11,64.89,16.79,80.45,,,24.40,74.90,,,,,,,,,,,,,,,,,,,,,,,,,,,,,,,,,,,,,,,,,,,,,,
17-Feb-26,5.41,1156.83,830.58,2.04,0.70,438.42,13.78,151.00,110.17,58.08,16.55,81.02,,,24.00,75.83,,,,,,,,,,,,,,,,,,,,,,,,,,,,,,,,,,,,,,,,,,,,,,
18-Feb-26,5.63,1142.17,869.08,2.15,0.69,445.33,12.76,151.67,111.25,60.58,17.15,81.32,,,23.00,74.90,,,,,,,,,,,,,,,,,,,,,,,,,,,,,,,,,,,,,,,,,,,,,,
19-Feb-26,5.84,1149.83,937.17,2.52,0.83,423.67,13.79,139.83,130.92,76.83,16.68,80.92,,,24.00,72.96,,,,,,,,,,,,,,,,,,,,,,,,,,,,,,,,,,,,,,,,,,,,,,
20-Feb-26,5.88,1141.58,930.33,2.55,0.85,421.17,14.17,137.92,130.08,80.08,17.02,81.36,48.51,12.65,23.40,74.50,,,,,,,,,,,,,,,,,,,,,,,,,,,,,,,,,,,,,,,,,,,,,,
21-Feb-26,6.07,1147.33,937.00,2.54,0.84,447.58,13.38,144.67,119.33,76.75,17.01,81.42,,,23.30,72.86,,,,,,,,,,,,,,,,,,,,,,,,,,,,,,,,,,,,,,,,,,,,,,
22-Feb-26,5.88,1155.00,936.33,2.53,0.83,421.17,14.03,141.17,128.75,77.67,16.94,80.54,,,22.80,74.04,,,,,,,,,,,,,,,,,,,,,,,,,,,,,,,,,,,,,,,,,,,,,,
23-Feb-26,5.98,1155.08,939.42,2.54,0.84,423.25,14.19,142.17,128.83,83.00,16.67,80.14,44.15,14.10,23.00,73.65,,,,,,,,,,,,,,,,,,,,,,,,,,,,,,,,,,,,,,,,,,,,,,
24-Feb-26,5.98,1158.67,920.83,2.51,0.83,413.92,14.12,138.00,126.75,74.75,16.61,81.67,,,22.40,73.18,,,,,,,,,,,,,,,,,,,,,,,,,,,,,,,,,,,,,,,,,,,,,,
25-Feb-26,5.92,1151.75,925.67,2.55,0.85,422.08,14.32,136.58,130.42,84.42,16.53,80.32,,,22.80,73.81,,,,,,,,,,,,,,,,,,,,,,,,,,,,,,,,,,,,,,,,,,,,,,
26-Feb-26,5.94,1150.83,931.17,2.54,0.84,408.83,14.48,135.08,128.25,88.33,16.59,81.07,47.61,12.80,23.80,73.96,,,,,,,,,,,,,,,,,,,,,,,,,,,,,,,,,,,,,,,,,,,,,,
27-Feb-26,5.83,1155.25,940.75,2.54,0.85,414.83,14.67,139.50,129.92,90.42,16.69,80.77,49.15,13.20,23.40,71.78,,,,,,,,,,,,,,,,,,,,,,,,,,,,,,,,,,,,,,,,,,,,,,
28-Feb-26,5.83,1152.92,898.42,2.38,0.80,397.43,14.05,139.83,121.83,89.50,16.71,81.14,47.31,13.70,24.00,73.96,,,,,,,,,,,,,,,,,,,,,,,,,,,,,,,,,,,,,,,,,,,,,,
1-Mar-26,6.23,1161.17,939.58,2.53,0.84,419.83,14.68,145.33,128.08,92.50,16.84,81.63,,,23.60,75.75,,,,,,,,,,,,,,,,,,,,,,,,,,,,,,,,,,,,,,,,,,,,,,
2-Mar-26,5.71,1131.58,849.50,2.26,0.81,404.42,13.35,145.63,107.50,76.00,16.63,80.94,49.46,13.10,23.50,72.98,,,,,,,,,,,,,,,,,,,,,,,,,,,,,,,,,,,,,,,,,,,,,,
3-Mar-26,5.91,1160.00,938.33,2.60,0.85,444.25,13.42,150.25,125.08,84.17,16.51,80.67,,,23.60,73.97,,,,,,,,,,,,,,,,,,,,,,,,,,,,,,,,,,,,,,,,,,,,,,
4-Mar-26,6.03,1164.00,934.13,2.58,0.86,451.00,13.88,150.88,122.50,86.50,16.58,81.33,45.86,13.60,23.90,74.77,,,,,,,,,,,,,,,,,,,,,,,,,,,,,,,,,,,,,,,,,,,,,,
5-Mar-26,6.25,1148.33,940.58,2.59,0.86,422.75,13.96,144.25,129.08,89.83,16.71,81.48,,13.50,23.30,73.49,,,,,,,,,,,,,,,,,,,,,,,,,,,,,,,,,,,,,,,,,,,,,,
6-Mar-26,5.97,1161.20,886.80,2.44,0.83,360.00,16.58,132.60,135.80,81.60,16.38,80.94,48.69,13.60,23.40,73.18,,,,,,,,,,,,,,,,,,,,,,,,,,,,,,,,,,,,,,,,,,,,,,
7-Mar-26,5.72,1173.58,942.50,2.56,0.85,380.50,17.42,130.75,135.33,92.50,16.70,81.82,51.19,13.75,23.50,74.77,,,,,,,,,,,,,,,,,,,,,,,,,,,,,,,,,,,,,,,,,,,,,,
8-Mar-26,5.87,1180.33,934.08,2.57,1.01,425.92,17.29,143.75,127.83,86.92,16.70,81.34,51.14,13.63,23.50,74.43,,,,,,,,,,,,,,,,,,,,,,,,,,,,,,,,,,,,,,,,,,,,,,
9-Mar-26,5.79,1169.63,946.25,2.59,0.86,417.00,16.92,142.88,130.50,91.75,16.85,81.67,49.59,13.60,23.40,74.11,,,,,,,,,,,,,,,,,,,,,,,,,,,,,,,,,,,,,,,,,,,,,,
10-Mar-26,5.86,1176.92,942.83,2.57,0.85,422.42,17.11,143.08,130.00,92.92,16.40,80.67,51.00,13.50,22.40,72.83,,,,,,,,,,,,,,,,,,,,,,,,,,,,,,,,,,,,,,,,,,,,,,
11-Mar-26,6.30,1174.83,943.25,2.59,0.86,421.00,16.94,144.33,127.67,90.25,16.50,81.16,50.39,13.55,23.60,72.01,,,,,,,,,,,,,,,,,,,,,,,,,,,,,,,,,,,,,,,,,,,,,,
12-Mar-26,6.53,1158.25,877.25,2.57,0.86,419.33,17.19,142.00,126.33,86.50,16.45,80.36,52.49,13.25,23.10,74.07,,,,,,,,,,,,,,,,,,,,,,,,,,,,,,,,,,,,,,,,,,,,,,
13-Mar-26,7.20,1168.25,933.42,2.61,0.87,428.33,17.83,139.17,123.67,90.08,16.61,81.66,50.05,13.25,23.30,74.72,,,,,,,,,,,,,,,,,,,,,,,,,,,,,,,,,,,,,,,,,,,,,,
14-Mar-26,6.77,1178.92,931.75,2.62,0.86,424.08,17.42,141.83,125.33,83.58,16.83,80.93,52.35,13.40,22.70,73.10,,,,,,,,,,,,,,,,,,,,,,,,,,,,,,,,,,,,,,,,,,,,,,
15-Mar-26,6.74,1174.50,936.25,2.66,0.88,403.58,18.30,139.25,127.17,82.08,16.68,81.10,53.68,13.40,22.80,74.07,,,,,,,,,,,,,,,,,,,,,,,,,,,,,,,,,,,,,,,,,,,,,,
16-Mar-26,6.44,1148.18,835.55,2.18,0.75,406.91,15.80,144.64,109.27,70.64,16.75,80.88,52.58,13.40,23.50,74.49,,,,,,,,,,,,,,,,,,,,,,,,,,,,,,,,,,,,,,,,,,,,,,
17-Mar-26,6.01,1176.83,940.92,2.62,0.86,418.00,18.32,139.75,131.83,85.50,16.74,81.06,50.15,12.60,23.00,73.46,,,,,,,,,,,,,,,,,,,,,,,,,,,,,,,,,,,,,,,,,,,,,,
18-Mar-26,6.50,1177.42,939.75,2.61,0.87,401.00,19.60,140.00,126.75,84.08,16.71,80.94,51.75,13.40,23.10,73.32,,,,,,,,,,,,,,,,,,,,,,,,,,,,,,,,,,,,,,,,,,,,,,
19-Mar-26,6.77,1166.75,934.88,2.54,0.85,418.13,18.72,152.75,119.75,76.50,16.76,81.12,53.48,13.20,23.10,71.76,,,,,,,,,,,,,,,,,,,,,,,,,,,,,,,,,,,,,,,,,,,,,,
20-Mar-26,6.58,1173.25,939.50,2.64,0.87,442.50,18.70,148.88,122.25,70.63,16.71,80.92,57.00,13.00,23.80,72.31,,,,,,,,,,,,,,,,,,,,,,,,,,,,,,,,,,,,,,,,,,,,,,
21-Mar-26,6.25,1177.55,928.09,2.57,0.88,429.45,17.90,142.55,126.27,76.27,16.71,81.14,56.68,12.10,23.50,75.02,,,,,,,,,,,,,,,,,,,,,,,,,,,,,,,,,,,,,,,,,,,,,,
22-Mar-26,6.55,1175.60,926.20,2.55,0.86,407.80,18.00,146.60,123.60,77.80,16.77,80.04,54.45,12.10,23.20,74.47,,,,,,,,,,,,,,,,,,,,,,,,,,,,,,,,,,,,,,,,,,,,,,
23-Mar-26,6.38,1166.13,942.67,2.61,0.87,439.83,18.22,148.67,125.08,83.50,16.60,80.64,54.75,13.65,23.40,74.67,,,,,,,,,,,,,,,,,,,,,,,,,,,,,,,,,,,,,,,,,,,,,,
24-Mar-26,6.37,1170.63,942.88,2.66,0.88,423.50,18.55,144.50,129.38,82.50,16.68,81.34,,,22.90,73.68,,,,,,,,,,,,,,,,,,,,,,,,,,,,,,,,,,,,,,,,,,,,,,
25-Mar-26,6.76,1182.08,945.08,2.64,0.87,425.08,18.31,143.58,125.67,82.08,16.58,81.12,52.62,13.05,22.70,73.95,,,,,,,,,,,,,,,,,,,,,,,,,,,,,,,,,,,,,,,,,,,,,,
26-Mar-26,6.90,1169.50,934.00,2.60,0.86,443.63,18.49,150.25,122.00,91.88,16.73,81.34,53.35,13.30,22.90,74.36,,,,,,,,,,,,,,,,,,,,,,,,,,,,,,,,,,,,,,,,,,,,,,
27-Mar-26,6.89,1165.25,863.08,2.46,0.82,454.50,17.65,148.13,108.38,75.00,16.84,81.09,51.35,12.85,23.00,74.66,,,,,,,,,,,,,,,,,,,,,,,,,,,,,,,,,,,,,,,,,,,,,,
28-Mar-26,6.70,1162.25,863.25,2.44,0.81,426.63,17.78,147.38,117.13,81.00,16.95,80.36,56.00,11.70,23.40,75.00,,,,,,,,,,,,,,,,,,,,,,,,,,,,,,,,,,,,,,,,,,,,,,
29-Mar-26,6.62,1158.29,949.14,2.69,0.89,430.57,19.12,147.57,125.71,97.43,16.60,80.92,54.61,,22.70,75.25,,,,,,,,,,,,,,,,,,,,,,,,,,,,,,,,,,,,,,,,,,,,,,
30-Mar-26,7.34,1144.00,926.56,2.63,0.87,457.11,17.87,152.67,117.22,88.56,16.71,80.46,,,23.00,74.65,,,,,,,,,,,,,,,,,,,,,,,,,,,,,,,,,,,,,,,,,,,,,,
31-Mar-26,6.85,1156.75,944.42,2.64,0.87,448.33,17.38,149.50,122.58,91.08,16.57,81.47,,13.30,23.00,74.65,,,,,,,,,,,,,,,,,,,,,,,,,,,,,,,,,,,,,,,,,,,,,,
,,,,,,,,,,,,,,,,,,,,,,,,,,,,,,,,,,,,,,,,,,,,,,,,,,,,,,,,,,,,,,
,,,,,,,,,,,,,,,,,,,,,,,,,,,,,,,,,,,,,,,,,,,,,,,,,,,,,,,,,,,,,,
,,,,,,,,,,,,,,,,,,,,,,,,,,,,,,,,,,,,,,,,,,,,,,,,,,,,,,,,,,,,,,
,,,,,,,,,,,,,,,,,,,,,,,,,,,,,,,,,,,,,,,,,,,,,,,,,,,,,,,,,,,,,,
,,,,,,,,,,,,,,,,,,,,,,,,,,,,,,,,,,,,,,,,,,,,,,,,,,,,,,,,,,,,,,
,,,,,,,,,,,,,,,,,,,,,,,,,,,,,,,,,,,,,,,,,,,,,,,,,,,,,,,,,,,,,,
,,,,,,,,,,,,,,,,,,,,,,,,,,,,,,,,,,,,,,,,,,,,,,,,,,,,,,,,,,,,,,
,,,,,,,,,,,,,,,,,,,,,,,,,,,,,,,,,,,,,,,,,,,,,,,,,,,,,,,,,,,,,,
,,,,,,,,,,,,,,,,,,,,,,,,,,,,,,,,,,,,,,,,,,,,,,,,,,,,,,,,,,,,,,
,,,,,,,,,,,,,,,,,,,,,,,,,,,,,,,,,,,,,,,,,,,,,,,,,,,,,,,,,,,,,,
,,,,,,,,,,,,,,,,,,,,,,,,,,,,,,,,,,,,,,,,,,,,,,,,,,,,,,,,,,,,,,
,,,,,,,,,,,,,,,,,,,,,,,,,,,,,,,,,,,,,,,,,,,,,,,,,,,,,,,,,,,,,,
,,,,,,,,,,,,,,,,,,,,,,,,,,,,,,,,,,,,,,,,,,,,,,,,,,,,,,,,,,,,,,
,,,,,,,,,,,,,,,,,,,,,,,,,,,,,,,,,,,,,,,,,,,,,,,,,,,,,,,,,,,,,,
,,,,,,,,,,,,,,,,,,,,,,,,,,,,,,,,,,,,,,,,,,,,,,,,,,,,,,,,,,,,,,
,,,,,,,,,,,,,,,,,,,,,,,,,,,,,,,,,,,,,,,,,,,,,,,,,,,,,,,,,,,,,,
,,,,,,,,,,,,,,,,,,,,,,,,,,,,,,,,,,,,,,,,,,,,,,,,,,,,,,,,,,,,,,
,,,,,,,,,,,,,,,,,,,,,,,,,,,,,,,,,,,,,,,,,,,,,,,,,,,,,,,,,,,,,,
,,,,,,,,,,,,,,,,,,,,,,,,,,,,,,,,,,,,,,,,,,,,,,,,,,,,,,,,,,,,,,
,,,,,,,,,,,,,,,,,,,,,,,,,,,,,,,,,,,,,,,,,,,,,,,,,,,,,,,,,,,,,,
,,,,,,,,,,,,,,,,,,,,,,,,,,,,,,,,,,,,,,,,,,,,,,,,,,,,,,,,,,,,,,
,,,,,,,,,,,,,,,,,,,,,,,,,,,,,,,,,,,,,,,,,,,,,,,,,,,,,,,,,,,,,,
,,,,,,,,,,,,,,,,,,,,,,,,,,,,,,,,,,,,,,,,,,,,,,,,,,,,,,,,,,,,,,
,,,,,,,,,,,,,,,,,,,,,,,,,,,,,,,,,,,,,,,,,,,,,,,,,,,,,,,,,,,,,,
,,,,,,,,,,,,,,,,,,,,,,,,,,,,,,,,,,,,,,,,,,,,,,,,,,,,,,,,,,,,,,
,,,,,,,,,,,,,,,,,,,,,,,,,,,,,,,,,,,,,,,,,,,,,,,,,,,,,,,,,,,,,,
,,,,,,,,,,,,,,,,,,,,,,,,,,,,,,,,,,,,,,,,,,,,,,,,,,,,,,,,,,,,,,
